provider,providerName,offsetRatio,region,regionName,country,state,city,impact,source,comment
azure,Azure,100,eastasia,East Asia,Hong Kong,Wanchai,Wan Chai,702,https://www.sciencedirect.com/science/article/pii/S095965261731627X,
azure,Azure,100,southeastasia,Southeast Asia,Singapore,,Singapore,419,https://www.ema.gov.sg/cmsmedia/Publications_and_Statistics/Publications/SES18/Publication_Singapore_Energy_Statistics_2018.pdf,
azure,Azure,100,centralus,Central US,USA,Iowa,Des Moines,736.6,eGRID (seem to be in the SRMW grid),
azure,Azure,100,eastus,East US,USA,Virginia,Blue Ridge,367.8,eGRID,
azure,Azure,100,eastus2,East US 2,USA,Virginia,Boydton,367.8,eGRID,
azure,Azure,100,westus,West US,USA,California,San Francisco,240.6,eGRID,
azure,Azure,100,northcentralus,North Central US,USA,Illinois,Chicago,568.2,eGRID,
azure,Azure,100,southcentralus,South Central US,USA,Texas,San Antonio,460.4,eGRID,
azure,Azure,100,northeurope,North Europe,Ireland,Leinster,Dublin,617,https://www.sciencedirect.com/science/article/pii/S1361920916307933,
azure,Azure,100,westeurope,West Europe,Netherlands,North Holland,Amsterdam,569,https://www.sciencedirect.com/science/article/pii/S1361920916307933,
azure,Azure,100,japanwest,Japan West,Japan,Osaka,Osaka-shi,516,https://www.fepc.or.jp/library/pamphlet/pdf/04_electricity.pdf,
azure,Azure,100,japaneast,Japan East,Japan,Tokyo,Tokyo,516,https://www.fepc.or.jp/library/pamphlet/pdf/04_electricity.pdf,
azure,Azure,100,brazilsouth,Brazil South,Brazil,Sao Paulo,Sao Paulo,205,https://pdfs.semanticscholar.org/bd2a/69da81529a0f8dd16573dfd38e9d7468637e.pdf,
azure,Azure,100,australiaeast,Australia East,Australia,New South Wales,Sydney,802,http://www.cleanenergyregulator.gov.au/NGER/National%20greenhouse%20and%20energy%20reporting%20data/electricity-sector-emissions-and-generation-data/electricity-sector-emissions-and-generation-data-2016-17,
azure,Azure,100,australiasoutheast,Australia Southeast,Australia,Victoria,Melbourne,805,http://www.cleanenergyregulator.gov.au/NGER/National%20greenhouse%20and%20energy%20reporting%20data/electricity-sector-emissions-and-generation-data/electricity-sector-emissions-and-generation-data-2016-17,
azure,Azure,100,southindia,South India,India,Tamil Nadu,Pallavaram,920,http://www.cea.nic.in/reports/others/thermal/tpece/cdm_co2/user_guide_ver13.pdf,
azure,Azure,100,centralindia,Central India,India,Maharashtra,Lohogaon,920,http://www.cea.nic.in/reports/others/thermal/tpece/cdm_co2/user_guide_ver13.pdf,
azure,Azure,100,westindia,West India,India,Maharashtra,Mumbai,920,http://www.cea.nic.in/reports/others/thermal/tpece/cdm_co2/user_guide_ver13.pdf,
azure,Azure,100,canadacentral,Canada Central,Canada,Ontario,Toronto,69.3,Calculated from IESO,
azure,Azure,100,canadaeast,Canada East,Canada,Quebec,Quebec,20,Hydro-Qu√©bec,
azure,Azure,100,uksouth,UK South,United Kingdom,England,Midhurst,623,https://www.sciencedirect.com/science/article/pii/S1361920916307933,
azure,Azure,100,ukwest,UK West,United Kingdom,England,Wallasey,623,https://www.sciencedirect.com/science/article/pii/S1361920916307933,
azure,Azure,100,westcentralus,West Central US,USA,Wyoming,Mountain View,297.6,,"it is not clear which grid power this zone, could be or 297.6, not sure"
azure,Azure,100,westus2,West US 2,USA,Washington,Quincy,297.6,eGRID,
azure,Azure,100,koreacentral,Korea Central,South Korea,Seoul,Seoul,517,https://www.carbonfootprint.com/docs/2018_8_electricity_factors_august_2018_-_online_sources.pdf,
azure,Azure,100,koreasouth,Korea South,South Korea,Busan,Busan,517,https://www.carbonfootprint.com/docs/2018_8_electricity_factors_august_2018_-_online_sources.pdf,
azure,Azure,100,francecentral,France Central,France,Auvergne,Huriel,105,https://www.carbonfootprint.com/docs/2018_8_electricity_factors_august_2018_-_online_sources.pdf,
azure,Azure,100,francesouth,France South,France,Midi-Pyrenees,Realmont,105,https://www.carbonfootprint.com/docs/2018_8_electricity_factors_august_2018_-_online_sources.pdf,
azure,Azure,100,australiacentral,Australia Central,Australia,Australian Capital Territory,Forrest,900,https://www.carbonfootprint.com/docs/2018_8_electricity_factors_august_2018_-_online_sources.pdf,
azure,Azure,100,australiacentral2,Australia Central 2,Australia,Australian Capital Territory,Forrest,900,https://www.carbonfootprint.com/docs/2018_8_electricity_factors_august_2018_-_online_sources.pdf,
azure,Azure,100,southafricanorth,South Africa North,South Africa,Gauteng,Pretoria,1009,https://www.carbonfootprint.com/docs/2018_8_electricity_factors_august_2018_-_online_sources.pdf,
azure,Azure,100,southafricawest,South Africa West,South Africa,Western Cape,Stellenbosch,1009,https://www.carbonfootprint.com/docs/2018_8_electricity_factors_august_2018_-_online_sources.pdf,
